id	nick	name	race	bday
5	BoxeR	Lim Yo Hwan	0	1980-09-04
6	NaDa	Lee Yoon Yeol	0	1984-11-20
7	sAviOr	Ma Jae Yoon	1	1987-11-23
8	GGPlay	Kim Joon Yung	1	1985-12-05
9	Iris	Byun Hyung Tae	0	1987-02-05
10	Hwasin	Jin Yung Soo	0	1988-04-05
11	Jaedong	Lee Jae Dong	1	1990-01-09
12	[Na'G]DoGGi^^	최우범	0	1984-01-03
13	YellOw[ArnC]	Park Myung Soo	1	1987-12-07
14	Canata	Ko In Kyu	0	1987-06-25
15	XellOs	Seo Ji Hoon	0	1985-02-09
16	July	Park Sung Joon	1	1986-12-18
17	Sync	Byun Gil Sup	0	1984-01-10
18	Calm	Kim Yoon Hwan	1	1989-06-13
19	Sunny	Kim Sun Ki	0	1982-03-12
20	Silver	Shim So Myung	1	1984-09-27
21	UpMaGiC	Shin Hee Seung	0	1989-03-10
22	Light	Lee Jae Ho	0	1990-03-28
23	GoRush	Park Tae Min	1	1984-12-24
24	Rhythm	Kim Sang Woo	0	1987-12-10
25	Sea.ruBy	민찬기	0	1989-12-27
26	910	Kang Gu Yeol	0	1988-02-23
27	Sea	Yum Bo Sung	0	1990-03-29
28	ChoJJa	Jo Yong Ho	1	1984-12-13
29	ZergMaN	Park Sung Joon	1	1984-10-28
30	Casy	Han Dong Wook	0	1986-09-25
31	[Oops]ClouD	Cha Jae Wook	0	1985-01-01
32	YellOw	Hong Jin-Ho	1	1982-10-31
33	Midas	Jun Sang Wook	0	1987-02-21
34	Goodfriend	Lee Byung Min	0	1986-11-20
35	V-Gundam	Jo Jung Hyun	0	1981-02-12
36	MuMyung	Sung Hak Seung	1	1984-11-01
37	ChRh	Choi In Kyu	0	1981-09-15
38	AnomiA[Shield]	이건준	1	1987-02-12
39	DBS[Name]	윤종민	1	1986-02-01
40	TheMarine	Kim Jeong Min	0	1982-06-08
41	Hyuk	Park Jae Hyuk	1	1987-04-11
42	JinNam	Jang Jin Nam	1	1981-05-15
43	ElkY	Bertrand Grospellier	0	1981-02-08
45	Reach	Park Jung Suk	2	1983-12-27
46	Kingdom	Park Yong Wook	2	1983-12-06
47	Sinji_NT	임정호	1	1980-04-14
48	RainBOw	Kim Sung Je	0	1984-02-08
49	Doctor.K	Kwun Oh Hyuk	2	1985-02-13
50	CryStal	Jung Jae Ho	1	1981-09-25
51	MuJuK	Park Dae Kyung	2	1986-09-24
53	HighCa	Park Jae Wan	0	1982-06-06
54	Oddysay	Han Woong Ryul	0	1981-06-28
55	GARIMTO	Kim Dong Soo	2	1981-03-01
56	H.O.T-Forever	Kang Doh Gyung	1	1981-11-23
58	BeSt	Doh Jae Wook	2	1989-10-06
59	iloveoov	Choi Yun Sung	0	1983-11-05
60	HiyA	Ku Sung Hoon	0	1989-07-21
61	ShinHwA	Choi Ka Ram	1	1985-01-10
63	Marine	Jung Yoo Seok	0	1981-02-25
64	sigamari	Lee Chang Hoon	1	1984-11-04
65	Lee	이운재	0	1982-06-20
66	SinDoki	Kim Shin Deok	1	1982-05-13
67	Isaac	Lee Kyun Taek	1	1983-02-03
68	Enough	Sung Jun Mo	1	1981-10-27
69	IntoTheRain	Im Sung Choon	2	1979-12-08
70	Lotem	Park Kyung Tae	0	1981-03-15
71	Freedom	Jang Yong Seok	0	1988-04-26
72	Stork	Song Byung Goo	2	1988-08-04
73	Nal_rA	Kang Min	2	1982-03-15
74	JunioR	Nah Kyung Bo	1	1984-11-15
75	GGon	Lee Hyun Seung	0	1982-09-04
76	fOru	Lee Jae Hoon	2	1981-02-22
77	GameR	Hwan Jung Keun	1	-
78	GGMAN	Park Hyun Jun	1	1979-10-06
79	H_Kiss_W	조성봉	1	-
80	leadeR[30D.O.M]	주한진	0	-
81	KIMWANCHUL	Kim Wan Chul	1	1981-07-04
82	City	Kim Shi Hoon	1	1984-12-26
83	[KOR]-Rain	민광현	1	-
84	ReXZanDarke	오창종	2	-
85	Sanji[HyO]	심성수	0	-
86	HiSoKa	김현철	1	-
87	Gisado	황영재	2	-
89	JinSu	Jang Jin Su	1	1981-05-15
90	Side	Ju Jin Chul	1	1982-02-08
91	JJu	Byun Eun Jong	1	1983-02-23
92	TT	Park Sung Hoon	2	1985-04-22
93	JiHyun	Lee Jae Hwang	1	1986-09-15
94	JangBi	Heo Yeong Moo	2	1989-05-03
95	firebathero	Lee Sung Eun	0	1988-03-02
96	oDin	Ju Yung Dal	1	1987-07-15
97	Frozen[Name]	김동건	0	1988-11-09
98	CuteBOy	Lim Chae Sung	0	1986-05-24
100	FruitDealer	Kim Won Ki	1	1984-07-27
101	maGma	Park Moon Ki	1	1987-07-27
102	Suny	Nam Seung Hyun	0	1989-10-05
103	TricKsteR	Seo Ki Soo	2	1984-11-29
104	TossLife	Kim Deok In	2	1987-10-20
105	ELIZA	Jo Yong Sung	1	1985-12-27
106	Swagger	Shin Sang Ho	2	1990-02-09
107	Bassen[fOu]	최욱명	0	1986-11-04
108	HyunSung	방현성	1	-
109	SKELTON	Bong Joon Goo	1	1982-08-09
110	Control	Na Doh Hyun	0	1983-09-08
111	Tani	김태훈	2	-
112	a30744[z-zone]	고한석	1	-
113	[Kor]-MariNe	나영석	0	-
114	Anippy	Lim Hyo Jin	2	1982-09-14
115	SaiLove	임균태	1	-
116	[kor]-Red_Rock	황성욱	1	-
117	Last`sCv^^	조경운	0	-
118	ikzun	최익준	1	-
119	T.3)Lurker	서상훈	1	-
120	Autumn	Song Byung Seok	2	1980-01-29
121	SiR@SoNi	Lee Jae Hang	1	1983-06-17
122	[Blaze]HirOkO	백대현	1	-
123	Mannerrush	Song Dong Ho	2	1983-01-06
124	Bassy	Chang Suk Joon	1	1983-10-30
125	Kwakka	소현두	0	-
126	TheBOy	Kook Ki Bong	1	1980-03-19
127	Grrrr...	Guillaume Patry	2	1982-06-19
128	Fish	Kim Ji Hye	1	1980-01-09
129	jintae	최진태	0	-
130	dongwon	강동원	2	-
131	Love	Kim Kap Yong	1	1980-05-25
132	AranG	Park Tae Kun	2	1983-10-27
133	[NC]...no.1	유대현	0	1979-10-08
134	Freshen	박경수	0	-
135	irradiates	차호영	0	-
136	EJi	조병호	2	1982-09-23
137	JYoung	전영현	0	-
138	FlyinG	신우진	1	1979-08-21
139	JoyO	Do Jin Kwang	0	1982-04-12
140	TaeyanG	Kim Kwang Hoon	1	1981-09-02
141	ShinyA	Park Dong Wook	2	1982-11-12
142	changoo	조창우	1	-
143	)Na(PrO	이승열	0	-
144	[FIN.K.L]LEEJIN	임현진	1	-
145	[Na'G]Siluet	이만근	2	-
146	Zeus	Jun Tae Gyu	2	1984-02-13
147	)Is(aTTaCk	허용석	0	-
148	ArtOfTerran	Kim Dong Jin	0	1983-04-17
149	Junwi	Park Gyung Lak	1	1984-09-19
150	joun	위조운	1	-
151	Terran[Name]	이선종	0	-
152	Rage	Kim Hwan Joong	2	1982-09-11
153	TheWinD	Park Sang Ik	1	1982-08-06
154	Niza	Jung Young Joo	1	1985-02-28
155	[n2]Rookie	Kim Dong Joon	0	1981-04-19
156	[NC]...JIN	이정진	1	-
157	100prowin	Kim Soo Han	1	1983-06-05
158	juyoung	윤주영	0	-
159	oGsLeader	황규훈	2	-
160	smuft	스티븐킹	2	1984-11-17
161	[z-zone]SalMoSa	김종성	1	1982-07-11
162	[EroS]~SsoO	강병수	1	-
163	Liquid'Nazgul	빅터&nbsp;구센즈	2	1983-03-05
164	SoNiC)BlacK	Park Shin Young	1	1984-11-24
165	kOs	Kim Hyun Jin	0	1984-02-26
166	SSamJang	Lee Kee Seok	0	1980-09-12
167	hj	전현진	1	-
168	Heaven	Yoon Jung Min	0	1981-03-30
169	kyunghoon	김경훈	1	-
170	SaferZerg	Kim Geun Baek	1	1981-08-30
171	SONJJANG	Son Seung Wan	2	1981-03-23
172	Much	Park Yeong Min	2	1984-01-13
173	Nbs	Son Jae Bum	2	1987-11-21
174	OriOn	Kwun Soo Hyun	1	1988-06-20
175	DarkElf	Kim Sung Ki	0	1987-01-18
176	Memory	Ju Hyun Jun	0	1989-01-01
177	Jy	Jang Yook	1	1988-09-09
178	aQua	Kim Se Hyun	1	1986-01-16
179	Hery	Kim Yoon Hwan	0	1988-01-08
180	NesTea	Lim Jae Duk	1	1982-12-12
181	Flash	Lee Young Ho	0	1992-07-05
182	Yooi	Han Seung Yup	0	1985-02-03
183	CCoMa	Kwak Dong Hoon	1	1985-06-28
184	Jila	Kim Ku Hyun	2	1990-10-18
185	Child	Kim Nam Gi	1	1985-07-30
186	Vical	Kim Sun Mook	2	1986-09-11
187	Only.Maru	강영민	1	1990-04-12
188	Sz.1	Kang Yung Hoon	1	1985-11-22
189	Sheis	Park Jung Wook	0	1987-08-19
190	SoO_STX	Park Jong Soo	2	1988-05-21
191	l[Es]l.MaRinE	Bang Sung Jin	0	1986-02-12
192	ToSsGirL	Seo Ji Soo	0	1985-05-21
193	FreeMura	Choi Jin Woo	1	1980-03-23
194	Chise	Lee Dong Min	1	1987-03-13
195	1a2a3a[fOu]	이예준	1	1989-10-19
196	aTtacK	Kim Sang Kon	0	1988-07-28
197	bOy	Noh Joon Dong	1	1986-08-11
198	Max	Shin Jung Min	1	1986-06-26
199	ForGG	Park Ji Soo	0	1990-02-13
200	Lomo[fOu]	손주흥	0	1990-03-07
201	JungHoon	Shin Jung Hoon	1	1985-11-05
202	FanTastic	Kim In Ki	2	1984-10-09
203	DaezanG	Park Dae Man	2	1983-10-02
204	PokJu	Seol Hyun Ho	2	1987-06-18
205	Dongrae	Lee Hak Ju	0	1986-10-26
206	free	Yoon Yong Tae	2	1988-07-14
207	Superman	Jo Min Jun	2	1987-02-14
208	ggaemo	Kim Kyung Mo	1	1988-09-08
209	Gon	Kim Seong Gon	1	1985-07-04
210	ToSky	Kim Jung Hwan	1	1987-03-23
211	Young	Noh Young Hoon	2	1988-12-29
212	BackHo	Son Chan Woong	2	1989-05-09
213	HerO	Song Hyeon Deok	2	1990-06-06
214	Anytime	Oh Yeong Jong	2	1986-10-18
215	Tankboy	Lee Yoo Seok	2	1985-10-01
217	Pusan	Park Ji Ho	2	1985-01-14
218	Shark	Seo Gyung Jong	1	1987-03-07
219	Saint	Kim Dong Hyun	1	1988-01-12
220	Thezerg	Jung Yung Chul	1	1988-04-11
221	dOkSa[ArnC]	이성덕	1	강원도
222	HyuN	Ko Seok Hyun	1	1988-01-15
223	JJando	Kim Joon Young	0	1987-02-03
224	Bisu	Kim Taek Yong	2	1989-11-03
225	장경호	장경호	1	-
226	[z-zone]Byun	Byun Sung Chul	1	1980-10-27
227	Love	Kim Tae Mok	2	-
228	Aozora	Kim Dae Ki	0	1980-01-14
229	MinGyu	김민규	2	-
230	youngjin	정영진	1	-
231	NPGL_SoulKey	Kim Seul Ki	0	1984-02-24
232	youngchan	조영찬	0	-
233	JungGun	김정근	1	-
234	StarCue	Ji Young Hoon	1	1985-11-30
235	ZergPlay[3.33]	김준석	1	-
236	Han.G)ClouD	최윤식	1	-
237	Go)G_K.JungYub	김중엽	1	-
238	JungWoo	홍정우	2	-
239	OversKy	Lee Joo Yeong	1	1984-02-24
240	taehoon	권태훈	0	-
241	[KOF]-RUGAL-JDW	정동우	0	-
242	InToFor	Moon Kyu Joon	2	1983-09-12
243	S.E.S	Kim Sang Hoon	1	1981-09-08
244	Clon	Jo Hyung Kun	1	1984-10-16
245	ComBi	Park Hyo Min	1	1981-01-01
246	[BlazE]EugeNE	안형모	1	-
247	daehi	정대희	1	-
248	KisS)TaewoO	이태우	1	-
249	KIMDONGWOO	Kim Dong Woo	1	1982-05-10
250	KETOSI	Son Jung Joon	0	1980-01-16
251	St.Eagle	Kim Dae Kun	0	1979-12-27
252	신성철	신성철	2	-
253	kyungbum	김경범	1	-
254	JaeWoong	최재웅	1	-
255	SangWoo	함상우	1	-
256	shinhwa[Create]	Kim Seung Hwan	2	1980-10-03
257	RinG	Yoon Hyun Wook	2	1983-05-06
258	[Na'G]Keither	임완	0	-
259	dooin	이두인	2	-
260	GwangWoo	장광우	1	-
261	TheDark)CCoMa	장일석	1	-
262	hyungil	백현길	2	-
263	SeungYoon	최승윤	1	-
264	JyaCkal	최준경	0	-
265	Asmodey	세르게이	2	-
266	sungyub	김승엽	2	-
267	beatace	Kim Jae Hoon	0	1982-08-10
268	Rock	Ahn Gi Hyo	2	1986-02-01
269	HoOny	Son Yung Hoon	2	1986-02-11
270	Stay	Park Yeong Hoon	1	1984-09-26
271	Shine[Name]	Ahn Sang Won	0	1987-04-21
272	Justin	Won Jong Seo	0	1987-08-22
273	JungWon	Chae Jung Won	1	-
274	DongHyun	이동현	0	-
275	sunsung	김순성	0	-
276	JungHyun	김정현	2	-
277	DongSun	서동선	0	-
278	DongWook2	김동욱	1	-
279	ByungWook	유병욱	2	-
280	Elite	Kim Dae Ho	2	-
281	seojaewon	서재원	0	-
282	skj	손경준	2	-
283	Last[WHITE]	박성준	0	1994-02-03
284	jungeun	박정은	1	-
285	Ogogo	Lee Yong Bum	1	1984-10-07
286	곪흐	백영민	2	-
287	[z-zone]Khan	You Doo Hyun	1	1981-01-28
288	SungGi	Kim Sung Gi	2	-
289	Woojin	Lim Woo Jin	1	1980-06-14
290	JaeChul	정재철	2	-
291	dong9	김동구	0	-
292	Martyn	빅터마틴	1	1981-01-31
293	ParkSa	박상규	0	-
294	[B_Blade]Leader	Kim Chang Seon	0	1975-10-07
295	ZiMyung	최지명	1	-
296	ChangS	이창승	2	-
297	Junitoss	Moon Jun Hee	2	1985-07-29
298	WooCHunl	정우철	1	-
299	JaeChun	최재천	1	-
300	Maynard	Miguel Bombach	0	1980-10-14
301	byungok	유병옥	2	-
302	SungSi	성시경	0	-
303	Draco	Krzysztof Nalepka	2	1987-11-02
304	Cristoper	크리스토퍼	2	-
305	hongsungjin	홍승진	1	-
306	YouSung	남유성	2	-
307	JunHae	최정해	1	-
308	Lim	Moon Sang Hun	0	1981-10-04
309	HoJun	송호준	2	-
311	SrSr	이승렬	0	-
312	MyungJin	이명진	1	-
313	ddong	김말똥	1	-
314	JinWook	정진욱	2	-
315	ChanMoon	박찬문	1	-
316	gildong	홍길동	2	-
317	HyunIl	현일	2	-
318	DaeHo	맹대호	2	-
319	SeHyun	박세현	0	-
320	FlyToTheSky	Oh Sam Taek	1	1982-01-30
321	HanUl	김한얼	2	-
322	gyuh	김규형	2	-
323	ZiSoo	김지수	0	-
324	SoonTae	이순태	1	-
325	Jangwoo	이장우	0	-
326	ZoonHo	김준호	2	-
327	kwonook	권형욱	0	-
328	YoungSoo	주영수	1	-
329	ilJae	김일재	2	-
330	GiChul	김기철	2	-
331	MinSeOk[3.33]	김민석	1	-
332	Daewan	김대완	0	-
333	YongHoon	윤용훈	0	-
334	[z-zone]soo	이광수	1	1978-10-01
335	HyungZin	정형진	1	-
336	Sang	김상권	1	-
337	wooyul	박우열	1	-
338	wansoo	정완수	1	-
339	HyukZoo	전혁주	1	-
340	TheManiA	이동근	0	-
341	bum	조규범	2	-
342	inho	이인호	1	-
343	suhwan	김수환	1	-
344	zungyu	이준규	1	-
345	e.con_min	신창민	0	-
346	OneYURI	윤여일	2	-
347	zunggun	김중근	1	-
349	dooil	빈두일	2	-
350	younggil	김영길	1	-
351	kimhyuk	김혁	1	-
352	Vitamin	Yoon Ji Hyun	2	1972-07-03
353	sw	임상우	1	-
354	giun	류기운	0	-
355	giwon	이기원	2	-
356	hyukzu	김혁주	1	-
357	dong9	이동구	0	-
358	guh	전규현	2	-
359	donggi	이동기	2	-
360	stoneaa	차돌	0	-
361	yonghee	김용희	0	-
362	hy	이행열	1	-
363	zeho	신재호	1	-
364	khkim	김경호	2	-
365	taehyun	박태현	2	-
366	sungpil	신성필	0	-
367	hspark	박형석	1	-
368	wangun	김완근	0	-
369	kihyun	장기현	2	-
370	sein	윤세인	1	-
372	[DaK]BaL	오승환	1	-
373	Knight_SEAL	성상훈	0	-
374	seungok	문승옥	1	-
375	shyun	윤석환	0	-
376	junho	정준호	2	-
377	changho	박창호	1	-
378	ytkim	김용태	1	-
379	hom	강현모	0	-
380	wooh	장우영	1	-
381	hyunzinjang	장현진	0	-
382	wonwoong	최원웅	2	-
383	Qoo)Siva	Ahn Seok Yeol	1	1984-10-12
384	iori_au	Charles&nbsp;Wang	0	1984-08-14
385	DkH.MMMBop	Falko&nbsp;Engels	1	-
386	madfog	Marius&nbsp;Paul&nbsp;Van&nbsp;Greu	2	-
387	Whear	Daniel&nbsp;Murphy	2	1982-06-06
388	[pG]FisheYe	Fredrik&nbsp;Keitel	0	1984-10-17
389	Tomson	Tomasz&nbsp;Krzesinski	0	1986-06-10
390	Alejandro	Alejandro&nbsp;Suarez	1	1980-01-01
391	Cafone	Andrea&nbsp;Stirparo	2	1983-12-29
392	pixel	Jeroen&nbsp;Schouten	0	1982-08-26
393	Cameleon	Csaba&nbsp;Zajdo	2	1982-10-27
394	MaDFroG	Fredrik&nbsp;Oestervold	1	1984-10-26
395	[o]Mr.X	[o]Mr.X	1	-
396	[aLt]NiRvana	[aLt]NiRvana	2	-
397	legionairre	Peter&nbsp;Neate	2	1981-04-24
398	akira	Simone&nbsp;Trimarchi	0	1978-04-01
399	LG)Manza	Jose&nbsp;Maria&nbsp;Manzanare	1	1980-12-29
400	Blub	Olivier	0	1981-10-04
401	=I.D=~2000	Bin&nbsp;Guo	0	1984-08-18
402	Garak	Ronnie&nbsp;Van&nbsp;Buuren	0	1980-05-07
403	[pG]Maddi	[pG]Maddi	0	-
404	Sant	Sant&nbsp;Supanitayanon	0	1981-12-29
405	sVEN@aBs	Sven&nbsp;Myrdahl&nbsp;Opalic	0	1983-08-08
406	Star)oF_Lucky	Star)oF_Lucky	1	1984-01-01
408	{SG}Yosh	Sherwin&nbsp;Mahbod	2	1986-07-25
409	Chobo	Lethimonnier&nbsp;Laurent	0	1985-11-08
410	JessE	Jens&nbsp;Sjobeck	1	1984-03-10
411	][Min][Gu][	Kim Min Gu	1	1985-10-29
412	[JK]yankees	[JK]yankees	0	-
413	DIDI8[BG]	DIDI8[BG]	2	-
414	=A.G=Deep	Qidi&nbsp;Wei	0	1978-10-20
415	L!MP	Shaun&nbsp;Hunt	0	1985-11-08
416	Inseminator	Manuel&nbsp;De&nbsp;Checchi	1	1982-02-09
417	Scream	Olivier&nbsp;HO	0	1985-04-15
418	GreatZyneck	Marcin&nbsp;Ziniewicz	0	1984-12-03
419	=A.G=Mty	Tian-Yuan&nbsp;Ma	0	1981-01-02
420	Zergwuy	Yung-Yi&nbsp;Wu	1	1983-12-15
421	Victor	Victor&nbsp;Pedrero	0	1980-01-01
422	(JiLi)Abeja	(JiLi)Abeja	1	-
423	-=DoGo=-	Antonio&nbsp;Crespo&nbsp;Gomez	1	1983-10-11
424	Kenka	Mats&nbsp;Kleredal	0	1983-05-15
425	vgbarter	Christopher&nbsp;James	0	1982-11-09
426	Mario	Mariusz&nbsp;Fronczak	0	-
427	nido	Seu-Yang&nbsp;Chung	0	1981-04-10
428	Hero[pG]	Tom&nbsp;Whittier	0	1985-08-14
431	maRie	Lee Jong Mi	1	1980-09-07
432	Navy	Kim Yung Mi	1	1981-11-10
433	Berry	Lee Eun Kyung	2	1979-07-10
434	l3etty	Han Mi Kyung	1	1981-09-14
435	anna	Choi Ahn Nah	0	1987-10-15
436	PuzZle[3.33]	노성은	0	-
437	hyun	강현	1	-
438	soooo	강경수	1	-
439	yss	양영석	1	-
440	JunYub	송준엽	2	-
441	Yuki_NT	최동귀	1	-
442	VoGGNirvana	Yaroslav&nbsp;Blokhin	2	1984-12-25
443	Aejong	Tomasz&nbsp;Wilczynski	0	1986-05-10
444	CPHK	Ke&nbsp;He	2	1981-04-18
445	becaxcruiser	Marcelus&nbsp;Ari&nbsp;Wibowo	0	1979-06-16
446	autumnwillow	Marvel&nbsp;Mendoza	2	1986-09-05
447	wishnt	Francisco	1	1985-11-30
448	[aLt]duckie	[aLt]duckie	0	-
449	Executor	Ruben&nbsp;Hidalgo	2	1980-11-03
450	[3wD]Christian	Christian&nbsp;Drechsler	0	1985-11-25
451	[pG]Infinity	[pG]Infinity	2	-
452	Z7_Wizard	Matthew&nbsp;Anderson	2	1986-02-18
453	Rony	Rony&nbsp;Harsono	1	1981-04-08
454	JohnRamBo_my	James&nbsp;Ming&nbsp;Keet&nbsp;Foo	0	1984-10-03
455	comon	Michal&nbsp;Marek	0	1983-10-06
456	fibo	Tri&nbsp;Buppajarernsook	2	1982-04-12
457	LRM)SuKeR	Gustavo&nbsp;Orihuela	0	1984-10-12
458	LG)BlasT	Raymundo&nbsp;Ramirez&nbsp;Val	2	1984-03-03
459	VoGGShadow	Dmytro&nbsp;Deiko	0	1986-06-06
460	[pG]Socke	[pG]Socke	2	-
461	Adolf[RA]	Adolf[RA]	2	-
462	JoSeZ	Jose&nbsp;Farias	0	1975-11-15
463	Androide	Andrey&nbsp;Kukhianidze	0	1985-04-07
464	Ranger[pG]	Ranger[pG]	0	-
465	shamanul	Ciurescu&nbsp;George	1	1984-02-24
466	NoeNoe	NoeNoe	0	-
467	EverGreen	Shih&nbsp;Che&nbsp;Huang	0	1983-04-13
468	Strafe[iR]	Strafe[iR]	0	-
469	RazoR	Cary&nbsp;Schultz	1	1982-04-06
470	YoZ	Yannick&nbsp;Welsch	2	1983-05-04
471	Bykli	Pavel&nbsp;Kosev	1	1986-05-14
472	imRadu	Radu&nbsp;Rosian	2	1981-11-15
473	CCC	Cesar&nbsp;H.&nbsp;Robles&nbsp;C.	2	1983-03-08
474	Hireling	Dmytro&nbsp;Shubovskyy	0	1980-10-01
475	starhunter	Nick&nbsp;Hogan	2	1983-11-06
476	_Eza_	Yu&nbsp;Ting&nbsp;Lin	2	1980-02-29
477	Leona	Ling&nbsp;Liu	1	1979-01-24
478	HellGhost	Igor&nbsp;Campolina	0	1984-11-06
479	ACT-Dar_Caleb	David&nbsp;Kucera	1	1984-07-27
480	ATP.KrAcK.MoE	Daniel&nbsp;Zimmermann	1	1983-08-16
481	Weyo[RIP]	Weyo[RIP]	2	-
482	blackman	Artur&nbsp;Michalak	1	1986-05-05
483	S_C	Ciro&nbsp;Moscol&nbsp;Carrasco	1	1986-10-16
484	[DSS]T_san	[DSS]T_san	2	-
485	ChoBo_it	Francesco&nbsp;Bellacci	1	1984-07-18
486	ph007	Gerald&nbsp;Salvador	0	1980-03-25
487	piceyyuz	Hazim&nbsp;Yalcin	1	1981-05-13
488	TMAX	MARK&nbsp;ESPINA	1	1984-01-13
489	Kenta	켄타	0	-
490	DooMeR	Anthony&nbsp;Gonzalez	0	1987-08-13
491	Temujin	Shingis&nbsp;Satubaev	2	1987-01-12
492	ALFA	roger&nbsp;granell	2	1981-10-12
493	Rekrul	Dan&nbsp;Schreiber	2	1985-01-30
494	[3wD]ENJoY	Vasil&nbsp;Parushev	0	1988-02-19
495	SaFT	Per&nbsp;Johansson	2	1982-01-07
496	CopeTU	Gero&nbsp;Mayer	0	1986-05-16
497	wyw	enping&nbsp;wang	1	1981-03-30
498	Arch	Emil&nbsp;Deleuran	0	1981-10-30
499	TheTiger	alan&nbsp;mato	0	1985-05-23
500	Assem	Brian&nbsp;Fransioli	0	1984-08-11
502	6Club	JEN&nbsp;YU&nbsp;CHANG	1	1984-03-15
503	Shanhai	Vassiliy&nbsp;Ulizko	1	1984-09-03
504	Myrm	Gordon&nbsp;Hoi	1	1986-10-24
505	aQs_KeiR	Andres&nbsp;Herrada&nbsp;Fores	1	1986-04-06
506	chivu.gt	Mauro&nbsp;Castaneda	2	1982-06-07
508	sys	Krzysztof&nbsp;Czerwinski	2	1985-02-28
509	Phellan	Alexander&nbsp;NIKONOV	1	1984-11-18
510	L_Clan_Chakra	Maxat&nbsp;Nurbekov	1	1982-04-02
511	BGxZelias	Kaloyan&nbsp;Dimitrov	2	1985-09-04
512	TC)Carls	Nuno&nbsp;Veloso	1	1986-04-14
513	aspeak	quercy&nbsp;jouannes	1	1984-07-08
514	SKTB	PO&nbsp;JUNG&nbsp;HUANG	0	1984-10-16
515	FM_Gerich	German&nbsp;ZNAKOVSKY	1	1984-08-03
516	nephDestroyer	Marek&nbsp;Hradil	0	1982-11-13
517	Rush3D_Advocate	Dmitry&nbsp;DEMICHEV	0	1984-08-04
518	Ra_Ukraine	Aleksey&nbsp;Krupnik	2	1978-05-27
519	LiquidRet	Joseph&nbsp;de&nbsp;Kroon	1	1985-11-03
520	Sephiroth	Cristobal	0	1985-04-23
521	OgerDaniel	Daniel&nbsp;Glatzel	1	1985-01-14
522	HighFe[YG]	조우성	1	-
523	January	Kim Ga Eul	1	1978-10-29
524	hoh	최호현	2	-
525	TerAtO	Park Jeong Gil	2	1986-02-16
526	trent	우문식	0	-
527	Slash	Felipe&nbsp;Cruz	2	1986-09-18
528	Pj	Sha Jun Chun	2	1984-03-17
529	[jOypOp]Zodiac	Lee Chang Deok	0	1982-02-09
530	케빈	케빈	0	-
531	keke	Lim Dong Hyuk	1	1987-03-27
532	go.go	Kim Chang Hee	0	1989-05-14
533	Chalrenge	Lee Seung Hoon	2	1987-06-11
534	FanTaSy	Jung Myung Hoon	0	1991-07-01
535	Kwanro	Han Sang Bong	1	1990-02-21
536	Organ[3.33]	임진묵	0	1988-01-29
537	Shudder	Oh Chung Hoon	0	1990-05-12
538	Luxury	Park Chan Soo	1	1987-12-07
539	Pure	Park Sae Jung	2	1990-01-20
540	LuCifer	Lee Young Ho	2	1988-10-04
541	Flower	Kim Kwang Sup	1	1988-02-26
542	FireFist	Kim Jae Choon	1	1987-02-10
543	Mind	Park Sung Gyoon	0	1991-10-03
544	CupiD	Kim Sung Min	2	1985-02-07
545	leehyun	이현	0	-
546	fOfy	Yoo In Bong	0	1989-02-16
547	KNiF	George&nbsp;Prado	2	1987-12-23
548	iDTwisted	Erwin&nbsp;Bakker	1	1984-09-14
549	StYm	Jorge&nbsp;Hernandez	1	1987-05-20
550	zeRk	Daniel&nbsp;Tay	1	1983-01-05
551	RuShy	Baris&nbsp;Serbest	1	1986-04-14
553	wicked	Jan&nbsp;Cifra	0	1981-11-25
554	ToT)StrafE(	Rob&nbsp;Verspui	2	1985-10-27
555	TiQ)DanY(	Robert&nbsp;Stelzer	2	1982-11-11
556	Artosis	Dan&nbsp;Stemkoski	0	1983-04-06
557	striderdoom	Sean&nbsp;Plott	1	1986-06-27
558	Eriador[pG]	Eivind&nbsp;Leknes	0	1984-05-06
559	Methos[pG]	Dennis&nbsp;Fleischmann	1	1985-09-30
560	ToT)tomsOn(	Tomek&nbsp;Krzesinski	1	1986-01-10
561	TeG_Shamanul	George&nbsp;Ciurescu	0	1984-02-24
563	Cirrus	Ruslan&nbsp;Aliev	0	1988-06-25
564	Rush3D_yAn	YAN&nbsp;Nekrasov	0	1985-03-24
565	KazioWichura	Zygmunt&nbsp;Tarantowicz	1	1987-06-28
566	blackmaster123	Marcio&nbsp;Planas	2	1987-03-16
567	YioSEn[Rush]	CHIA&nbsp;CHENG&nbsp;YANG	1	1987-07-15
568	ArCNeON(TE)	Matti&nbsp;Punkari	2	1987-03-08
569	k23_Shweq	Alexandr&nbsp;Dubikin	1	1987-03-19
570	Darki	Alfredo&nbsp;Zegarra	1	1985-04-19
571	blizzy	Martin&nbsp;Sujak	1	1987-11-03
573	tuig	Rick&nbsp;Koevoets	2	1987-07-21
575	Testie	Nick&nbsp;Perentesis	1	1984-11-11
577	vanilica_SCG	Srdjan&nbsp;Petkovic	0	1986-03-14
578	Sol_Pato	Patricio&nbsp;Borghi	2	1985-11-12
579	ZelotITO	eduardo&nbsp;Gandia&nbsp;Caste	2	1985-03-02
580	maska	Sardor&nbsp;Mirakhmedov	2	1984-11-06
581	Ghadiri	Pedram&nbsp;Ghadiri&nbsp;Bidhe	0	1980-02-04
582	SuGoSu	Onat&nbsp;Gegeoglu	2	1985-11-07
583	CDS_Crow	Jakub&nbsp;Sedlacek	1	1985-03-03
584	IP.EX	VAKHTANG&nbsp;ZAKIEV	0	1986-01-01
585	[iG]Gorky	Gyorgy&nbsp;Zentai	2	1987-07-22
586	Stopcos	Qiang&nbsp;Liu	2	1981-10-14
588	CDS_Blooder	Adam&nbsp;Kroupa	0	1987-02-11
589	SW)TreK[cF]	Fredrik&nbsp;Nelson	2	1985-01-08
590	Mondragon	Christoph&nbsp;Semke	1	1986-11-12
592	dante	Alexandre&nbsp;Hulak	0	1985-06-27
593	portia	Marko&nbsp;Mendoza	2	1985-07-16
595	Shuttle	Kim Yoon Joong	2	1990-07-04
596	TheStC	Choi Yun Sik	0	1989-01-02
597	Peace	Kim Tae Hoon	1	1987-08-21
598	LaKe[Name]	Son Seung Jae	1	1986-06-18
599	815	Bae Byung Woo	1	1987-10-10
600	Gloomy	Park Min Hyun	0	1987-01-05
601	oGsCezanne	김정환	0	-
602	Sia	Jung Sung Tae	2	1985-06-03
603	Festive	Jo Hong Gyu	0	1986-08-24
604	BeJJeZerG	Kwak Joo Hoon	1	1980-02-13
605	Center[Name]	Oh Min Kyu	0	1987-02-09
606	Oasis	Park Joon Sang	2	1985-02-20
607	ToBeContinued	Kim Seung In	0	1986-02-17
608	Kuni	Kim Byung Wook	0	1986-02-11
609	Liquor	Yoon Hyun Jin	1	1986-11-12
610	Kosiro	Lee Jae Eok	1	1986-11-22
611	Xian	Oh Sang Taek	1	1981-04-14
612	Bleach[fou]	박강근	1	-
613	LRM)Lamer	Ivan&nbsp;Velikov	0	1988-01-25
614	CNSTORM	WEI&nbsp;WANG	1	1984-08-20
615	[ToT]MidiaN	Jamie&nbsp;Hallam	1	1984-09-08
616	eSa_BrEaKdOwN	Christian&nbsp;Schaefer	1	1984-06-06
617	SteelHeart	Byron&nbsp;Bongon	1	1983-09-04
618	Gambito	Kevin&nbsp;Garcia	2	1984-01-13
619	Cool2Die	Andrejs&nbsp;Kalnins	1	1989-07-26
620	RazzReason	Paulo&nbsp;Cardoso&nbsp;Junior	1	1986-09-11
621	Phoenix66	CHUANHAI&nbsp;ZHUANG	0	1984-11-04
622	Squall	Nicolas&nbsp;Scotta	1	1986-05-06
623	Odin	Roger&nbsp;Ono	0	1985-10-10
624	DreamTos	KitSiong&nbsp;U	2	1985-05-06
625	pRoDuZ00r	Michael&nbsp;Werle	0	1987-09-29
626	ToT)Selector(	Florian&nbsp;Rappl	2	1984-09-09
627	DVNMeObOt	Dat&nbsp;Le	2	1987-06-27
628	Ptak	Matija&nbsp;Vragovic	1	1984-10-31
629	Overdrive	Vyacheslav&nbsp;Yugay	0	1988-11-29
630	StaRTriBE	Reto&nbsp;Sauder	1	1982-03-03
631	B)Fstarcraft(M	Farnoud&nbsp;Asnaashari	2	1984-06-14
632	Play_Cloud	Carlo&nbsp;Giannacco	1	1980-05-31
633	Sarawut	Sarawut&nbsp;Itsaragon	0	1986-08-30
634	NeutronFlare	Diego&nbsp;Carriel&nbsp;Lopez	1	1987-05-16
635	rSFayth[eGe]	Josue&nbsp;Sauvageau	2	1986-07-14
636	PlaySiRuS	Ruslan&nbsp;Aliyev	0	1988-06-25
637	VipMedusVIE	Tien&nbsp;Ly	1	1984-03-15
638	sol_star	alessandro&nbsp;volpe	2	1983-08-31
639	Enemy[C_club]	Iaroslav&nbsp;Korchagin	2	1985-01-04
640	octoberzerg	Bojan&nbsp;Vlakevski	1	1985-10-15
641	k23_masterok	Azamat&nbsp;Turganbayev	2	1988-07-30
642	Manwe	Siavash&nbsp;Sameni	2	1986-07-03
643	ID_CocoA	Aaron&nbsp;Deir	1	1988-03-13
644	LoWeLy	Anton&nbsp;Plebanovich	1	1986-10-02
646	nEph_Maix	Tomas&nbsp;Samol	1	1984-10-04
647	Kolsl	Lan&nbsp;Ping&nbsp;Lee	0	1982-09-30
649	KeNKa[SWE]	켄카	0	-
650	JongWon	민종원	0	-
651	$Money	김성순	1	-
652	HeeWon	이희원	2	-
653	Honest	Shin Joo Young	2	1977-12-17
654	Juhyun	이주현	2	-
655	gunhwa	배근화	0	-
656	yunjun	안윤준	0	-
657	sanghojo	조상호	1	-
658	SmTown[MGW]	김성필	1	-
659	KD-Hee[GnH]	김대희	2	-
660	minsub	지민섭	0	-
661	hungg	이형규	2	-
662	seunghyun	고승현	2	-
663	H_PauL_WII	박창희	1	-
664	ZeratuL	Keum Song Hyun	2	1988-01-12
665	RiVerS)Power	심규영	0	-
666	dugon	김두곤	1	-
667	hojae	원호재	1	-
668	inyong	김인용	1	-
669	yoonho	김윤호	0	-
670	Lottozerg	임현수	1	-
671	jesung	전제성	1	-
672	GyeMan	이계만	2	-
673	dongjin	박동진	2	-
674	T.3)Kyungho	정경호	1	-
675	inchel	김인철	1	-
676	sangbong	오상봉	0	-
677	kkh	김경환	0	-
678	Devil	Kim Min Ho	1	1989-02-19
679	jupyub	김주엽	1	-
680	jonghyun	정종현	0	-
681	Dove	Song Ho Yung	0	1988-11-12
683	Korporal	Martins&nbsp;Avots	2	-
684	thuoclao	Ha&nbsp;Le&nbsp;Thanh	2	1988-02-23
685	M1_Cobo	Soon&nbsp;Hua&nbsp;Tan	2	-
686	3descape	Artem&nbsp;Sergeev	0	-
687	White-Ra	Oleksiy&nbsp;Krupnyk	2	-
688	Dashwriter	Stefan&nbsp;Kalweit	1	-
689	JK)botanic	Marco&nbsp;Mammana	0	-
690	Cpt.Beefhart	Paul&nbsp;McElwaine	2	-
691	Kashu	Gergely&nbsp;Fincza	1	-
692	JAYSTAR	WEI&nbsp;DING	2	-
694	Raven_	Maciej&nbsp;Polak	0	-
695	ToT)SquaLL(	David&nbsp;Saez	1	-
696	MgZ)StYm	Jorge&nbsp;Armando	2	-
697	Angoc	Minh&nbsp;Doan	1	-
698	PNZLEGEND	류오시안	2	-
699	SoL_StarEagle	Maurizio&nbsp;Carioti	0	-
700	3D.MoOnZerG	Dmitrii&nbsp;Bogomolov	1	1985-10-10
701	absence_moldova3	absence&nbsp;moldova	1	-
702	Zergraptor	Ray&nbsp;Lamoureux	1	-
703	Technics[SA]	Dimitar&nbsp;Sivkov	1	-
704	T.3)Leader	고영환	1	-
705	jaemyung	김재명	0	-
706	[EroS]~DayFly	이중헌	1	-
707	H_tlsehdgns_W	신동훈	0	-
708	91[jOypOp]	우용창	0	-
709	FreeGisaDo	이정원	2	-
710	kimchul	김철	2	-
711	dongha	김동하	1	-
712	CsB	최상범	1	-
713	kMc	김민철	1	-
714	superTank	Kim Hyo Jin	0	1984-07-22
715	Hyunch	정현철	1	-
716	MsH	민상홍	0	-
717	khmmm	김홍민	2	-
718	KIMKJ	김경진	1	-
719	MOONSH	문상현	0	-
720	Summer[Akuta]	박승인	2	-
721	LEEHY	이혜영	2	-
722	kimschan	김슬찬	0	-
723	kangminkk	강인경	1	-
724	sungwon	이승원	1	-
725	sungchan	고성찬	0	-
726	juhyun	고주현	2	-
727	hyunwook	김현욱	2	-
728	sungjin	김승진	2	-
729	sunwoo	정선우	2	-
730	GuemChi	Kim Seung Hyun	2	1989-11-08
731	yonggun	전용근	0	-
732	Feelway[Name]	김기현	1	-
733	Nx.spring	이상현	2	-
734	LegalMind	김경수	0	-
735	Hwak-eyes[Name]	안세광	1	-
736	=AKARAKA=	이호민	0	-
737	minsin	이민식	2	-
738	changwoo1	현창우	2	-
739	minserk	장민석	0	-
740	SsuN	Yum Tae Yang	2	1985-05-10
741	chunje	천재현	1	-
742	LEESY	이승연	1	-
743	[Oops]Autumn	박영민	2	-
744	JUNGSUB	신정섭	0	-
745	joowoo	주우찬	1	-
746	choihh	최회현	0	-
747	First[aLive]	Lee Jin Sung	1	1986-10-17
748	yeOn	Shin Yeon Oh	0	1986-09-01
749	yoonsangmin	윤상민	1	-
750	juneho	이준호	2	-
751	Rukawa	Won Sang Il	0	1986-05-02
752	HaZin	Chae Ji Hoon	1	1987-06-22
753	SohA[saM]	김강호	2	-
754	HerO_V_	Han Dong Hoon	2	1987-01-14
755	BestGod	Kim Min Je	2	1986-11-26
756	Eavan	Park Sung Jin	0	1988-10-10
757	U-238	Ha Dong Soo	0	1988-01-17
758	JaeYoungJun	전재영	1	-
759	Hidden	Kim Ho Ju	2	1988-06-30
760	pepe	Kim Seong Jin	0	1987-10-20
761	yongun	박용운	0	-
762	SUKHO	윤석호	1	-
763	JUNGHHH	손정환	0	-
764	JINSOOPP	박진수	0	-
765	PARKYONG	박용	2	-
766	hakdong	이학동	1	-
767	yongbum	김용범	0	-
768	Miracle	Park Dong Soo	0	1988-09-08
769	kkong[yg]	공태석	2	1983-05-06
770	FirstFruit	Lee Sung Ho	0	1987-04-30
771	GanZi	Kim Dong Ju	0	1987-12-30
772	ArtOfZerg	김강석	1	170Cm,
773	AmourEx	Baek Hyung San	2	1982-11-09
774	Jaehoon	Kim Jae Hoon	2	1989-09-21
775	JiMin	Kim Sae Han Sol	1	1989-01-28
776	JSL	Lee Jung Soo	0	1988-01-13
777	by.hero	Jo Il Jang	1	1990-06-20
778	s2	Lee Seung Suk	1	1990-02-27
779	Oops	Jang Ju Hyun	2	1987-01-01
780	Leta	Shin Sang Moon	0	1989-11-21
781	HoGiL	Kim Sang Wook	1	1991-04-02
782	Really	Park Sang Woo	0	1989-01-02
783	type-b	Moon Sung Jin	1	1988-12-13
784	Spear[Shield]	Lim Won Ki	2	1989-10-17
785	by.haran	정명호	1	1989-01-02
786	Tyson	Park Soo Bum	2	1990-12-10
787	ZerO	Kim Myung Woon	1	1990-02-18
788	RaiD	Park Joon Woo	1	1986-05-31
789	mingu	Kang Min Gu	2	1988-08-26
790	island	Jo Hyun Yung	1	1988-07-01
791	JUNGHYUN1	손정현	0	-
792	hyunwook	송현욱	1	-
793	TAESIK	강태식	1	-
794	SaSke[3.33]	조규민	1	-
795	KYUNGWOOK	김경욱	2	-
796	TAEGAP	임태갑	0	-
797	KYK	김연국	0	-
798	WONKYO	정원교	0	-
799	WJDDN	김정우	1	-
800	DLRJSDUD	이건영	0	-
801	k1j2h3[3.33]	김준희	0	-
802	HYUNJUN	조현준	1	-
803	HEEJJO	임희조	0	-
805	JungBu	이정부	1	-
806	HANum	최한음	0	-
807	steven	steven&nbsp;king	2	-
808	hyotaek	오효택	2	-
809	back1	성백훈	1	-
810	bong	이봉열	1	-
811	CHAN	김영찬	1	-
812	SUNGJI	박성지	0	-
813	HSH	황성환	0	-
814	MINUNG	조민웅	0	-
815	SJH	서정환	0	-
816	minho	이민호	1	-
817	NakwAng	김낙왕	0	-
818	JJW	장완희	0	-
819	KJH	권정호	2	-
820	BBS	박범수	1	-
821	JHS	정현석	0	-
822	Precious	Yum Sun Hee	0	1983-01-11
823	JaeYong	허재용	0	-
824	Sea.Day	정광우	1	-
825	sungzung	김성중	1	-
826	HyoWon	Son Hyo Won	2	1985-02-22
827	Leehun	이헌	0	-
828	SMG	서민귀	1	-
829	Major	Kang Jung Woo	0	1989-12-30
830	ASuka-Jr	Choi Hong Hee	2	1990-03-19
831	Special	Lee Dong Jun	0	1988-07-20
832	LEESD	이상덕	1	-
833	GoZip	Park Yong Kwun	2	1990-02-08
834	쏘자	박웅진	2	-
835	KANGKH	강관형	1	-
836	dreamertt	Kim Ji Hoon	0	1986-06-20
837	MoonSSam	이상헌	0	-
838	Veno	베노아파라	1	-
839	giyombusha	기욤부샤르	0	-
840	hugo	휴고가뇽	2	-
841	markg	마크그라지아니	2	-
842	[GG10]Storm~)SDT(	SDT	1	-
843	hyunwoo	이현우	2	-
844	(orky)Ghost	ghost	0	-
845	(orky)Dilvish	Dilvish	1	-
846	(orky)SouL	orkySoul	0	-
847	changzung	오창정	1	-
848	NTT	Anker&nbsp;Jacob&nbsp;Scharn	0	-
849	jungchul	박정철	1	-
850	Swat:)Captain	한소령	0	-
851	chungsik	신충식	1	-
852	yongchul	윤용철	1	-
853	jihoon	이지훈	0	-
854	woochan	조우찬	0	-
855	sungzoon	문승준	2	-
856	gundong	나건동	1	-
857	hyungsuk	강형석	2	-
858	jaeilchoi	최재일	1	-
859	zongbong	김종봉	1	-
860	wootek	송우택	2	-
861	wonsuk	김원석	2	-
863	hunzo	정훈조	1	-
864	Daeyoung	윤대영	1	-
865	gunho	손건호	1	-
866	dooyong	박두영	1	-
867	Taesu	김태수	2	-
868	inho	정인호	2	-
869	sohyun	박소현	2	1977-04-01
870	LenA	이지혜	2	1979-09-03
871	[Oops]MaY	김지은	2	1977-03-03
872	UMIN	김유민	1	-
873	YHK	김용현	1	-
874	jwp	박정우	1	-
875	sehwan	정세환	1	-
876	sungchul	김성철	1	-
877	dongmin	신동민	1	-
878	KWJ	전경우	1	-
879	seungjun	신승준	2	-
880	dOdO	강민경	1	1975-05-05
881	daehooon	원대훈	1	-
882	egil	황의길	1	-
883	Giyong	박기영	2	-
884	HyuJung	황혜정	2	-
885	MGKWON	권명관	1	-
886	donghyuk	곽동혁	2	-
887	H_FeeL_W	양희란	2	-
888	MiYoung	장미영	2	-
889	hankal[sky]	안소정	1	-
890	HyeYong	조혜영	0	-
891	eunjin	문은진	2	-
892	eunkyoung	권은경	2	-
893	JungHee	김정희	1	-
894	fenixd	Giancarlos&nbsp;Joan	0	-
895	satanik	Nikolaos&nbsp;K.	1	-
896	kaiser	Brayant&nbsp;Bustamante	1	-
897	eDDyiSrEADy	Eddy&nbsp;Nedialkov	1	-
898	3D.Notforu	Alexander&nbsp;Davydov	1	-
899	Incontrol	Geoff&nbsp;Robinson	1	-
900	GoOdy	Sascha&nbsp;Lupp	2	-
901	cooch	Wesley&nbsp;Evans	2	-
902	jamesfoo	james&nbsp;foo	0	-
903	BringiT.asS	Daniel&nbsp;Hernandez	2	1986-04-06
904	Nyoken	Daniel&nbsp;Eidson	0	1986-05-18
905	Dreiven	Grzegorz&nbsp;Kordek	0	1987-06-13
906	MYM-F91	쑨이펑	1	1983-02-16
907	-FiRe-	Lorenzo&nbsp;Benedetti	2	1989-12-12
910	ReasoN[saM]	Paulo&nbsp;Cesar	0	1986-09-11
911	Chingiz_Khan	Erkinov&nbsp;Shakhboz&nbsp;A.	0	1988-12-22
912	Y'-'o	Lee Ji Soo	2	1989-11-30
913	Ho	Kim Myung Soo	0	1989-10-04
914	Skew	앨릭스&nbsp;브롤라	0	-
915	frenti	프렌티티스&nbsp;니콜라스	2	-
916	ch	찌원쥔	1	-
918	Nsp_January	심창섭	0	1989-11-30
919	ddss	장쿠이	1	-
920	ray	장춘레이	1	-
921	zzu	쉬쭈	1	-
922	younghan	이영한	0	-
923	mingru	장밍루	0	-
924	Tempest	Park Jae Yung	2	1988-07-07
925	DarLinG	Moon Ji Hoon	0	1987-07-08
926	TY	Jun Tae Yang	0	1994-09-18
927	Drug	Kwun Jin Yung	1	1985-02-09
928	Clide	Han Kyu Jong	0	1987-11-04
929	VeloCity	Lee Kyung Soo	0	1990-01-10
930	bongKR	Park Sung Bong	1	1990-02-22
931	SuperNova	Kim Young Jin	0	1990-05-17
932	besga	Kim Shin Hyun	1	1989-04-06
933	sOyeon[WHITE]	안수형	2	-
934	ZergBoy[fOu]	김영민	1	1988-08-25
935	parkkh	박경호	1	-
936	JuNi	Yoo Jun Hee	1	1989-11-06
937	NsP_JoJoBa	김대겸	1	1988-07-09
938	Air	Jun Heung Sik	2	1988-12-23
939	wAnnabE[WHITE]	이현규	0	-
940	HoeJJa	Koh Kang Min	1	1989-09-05
942	jaurim	Park Joon Han	0	1988-03-10
943	By.1st	Jung Jin Hyun	0	1990-01-19
944	kick	Lee Sung Gu	0	1988-10-22
945	yOon[WHITE]	최윤선	2	1988-03-26
946	Index	Park Jung Hoon	2	1988-06-25
947	Dasi	Yoon Sang Jin	0	1988-01-31
948	DooChi[Shield]	김동호	1	-
949	zErG.cOm	Kim Hyun Jun	1	1987-05-20
950	Great	Cha Myung Hwan	1	1989-11-27
951	PuMa	Lee Ho Joon	0	1991-07-23
952	NsP_Destiny	Lim Ya Ho	1	1986-10-08
953	Jang	Shin Hee Jong	0	1987-07-12
954	NsP_Punsoo	유광준	1	-
955	kkong	Kong Min Chang	0	1989-01-26
956	roro[white]	Mo Sang Ho	0	1988-11-18
957	Koala[NC]	임성진	0	1990-11-30
958	zergjoaa	Hwang Bo Kun Woo	1	1988-11-29
959	jjangchi	장촨하이	0	-
960	valtina	발렌티나비치	0	-
961	shenri	쉔리	0	-
962	mikelrock	아더&nbsp;페르난드&nbsp;미켈락	1	-
963	kimsh	김승현	2	-
964	Violet	Woo Jung Ho	2	1988-09-30
965	sKyHigh	Jo Byung Se	0	1991-06-01
966	pku_bb	조우준	1	-
967	GoldTel.621	카이유	2	-
968	[At]Star2dy	자오단숑	1	-
969	HackerChinatt	짱레이	0	-
970	Soz66	&#51949;촨하이	0	-
971	Dp_R	왕루어뚜	1	-
972	MarcoN_Beckham	지웬준	1	-
973	ZergStory_NAmoO	황성식	1	-
974	hyvaa	Shin Dae Kun	1	1991-04-23
975	Modesty	Kim Hyun Woo	1	1992-02-10
976	weLLbeing	김태영	0	-
977	minhyuk	권민혁	1	1987-02-14
978	yanggyun	김양균	1	-
979	jinsoo	윤진수	1	-
980	minsoo	박민수	1	1988-01-24
981	DaPumP	김우석	1	1983-01-18
982	SeungDuk	유승덕	1	-
983	daehang	오대항	1	-
984	hyungwon	김형원	2	-
985	JungHong	이정홍	2	-
986	린들리	린들리	0	-
987	jungyub	김정엽	0	-
988	GwangSoo	강광수	1	-
989	heechel	손희철	0	-
990	Sungho	추승호	1	-
991	NamJung	김남중	0	-
992	DongSun	임동순	0	-
993	yungil	김영일	1	-
994	Frank	프랑크	0	-
995	TaeCHul	김태철	1	-
996	nilsen	닐센	2	-
997	ByungHun	이병헌	2	-
998	RyongHwan	진룡환	1	-
999	BarrackS	Hwang Byung Yung	0	1991-07-24
1000	Eagle	Ahn Jung Han	1	1988-03-13
1001	Probe	Byun Do Sup	2	1990-03-10
1002	Movie	Jin Young Hwa	2	1990-08-30
1003	herb	Ha Tae Joon	2	1990-11-15
1004	EffOrt	Kim Jung Woo	1	1991-01-30
1005	Ruin	임기홍	0	-
1006	Brave	Lim Tae Gyu	2	1991-08-24
1007	Favian	Lee Seung Hoo	0	1989-05-20
1008	ethi[S.G]	이재웅	2	-
1009	SHLEE	이승훈	2	-
1010	chlee	이충희	0	-
1011	TSY	윤택선	0	-
1012	JaePark	이재박	2	-
1013	JYCHOI	최정연	2	-
1014	ilsuk	정일석	2	-
1015	DaeHo	윤대호	0	-
1016	Orange	Lee Ban Seok	0	1987-12-04
1017	Heung	장흥순	2	-
1018	JUNIN	이준인	2	-
1019	GyaeDo	임계도	1	-
1020	Sea.Shine	이태엽	0	-
1021	Stella	Ahn Joon Yung	1	1991-01-27
1022	Heng	Um Hyun Bin	2	1992-06-04
1023	jjonga	Kim Jong Hwa	2	1988-04-02
1024	Only[S.G]	정현식	0	1987-02-22
1025	By.CoZy	한영운	1	-
1026	M[fOu]	염창섭	0	-
1027	Crazy	Lim Jung Hyun	1	1990-12-09
1028	F.Monster	Hong Gap Gyu	0	1991-02-24
1029	Sea.Is	김태연	0	-
1030	YoungA	Oh Won Gyo	2	1990-07-13
1031	Melon	Kim Ji Seong	1	1988-12-15
1032	Action	Kim Seong Dae	1	1992-04-23
1033	Say	Hong Myeong Cheol	2	1986-12-18
1034	TosSLove	Baek Seung Jae	2	1990-11-29
1035	soO	Eu Yoon Su	1	1992-09-24
1036	sSak	Choi Ho Seon 	0	1990-02-28
1037	SEri[ScM]	최지원	0	-
1038	Modern[fOu]	나도항	1	-
1040	TheName[fOu]	김찬훈	0	-
1041	hanjo[S.G]	홍석환	0	-
1042	hobbang[3.33]	김형준	0	-
1043	Mvp	Jeong Jong Hyeon	0	1991-02-12
1044	TuHon	Mook Jung Il	2	1989-12-14
1045	ReaL	Joon Woo Ram	0	1992-02-20
1046	Trap	Cho Sung Ho	2	1994-03-24
1047	Notice	Kim Kyung Hyo	0	1990-08-10
1048	Agape	Cho Seon Il	1	1989-11-23
1049	Newface	Han Jae Woong	1	1991-03-05
1050	HuskaL	Park Joon Sang	1	1990-02-13
1051	Lumpen[S.G]	김혁동	2	-
1052	RorO	Shin No Yeol	1	1991-01-19
1053	Shine	Lee Young Han	1	1991-08-24
1054	tOmAtO	Park Seung Yoon	0	1990-03-13
1055	Sow[S.O]	김종문	1	-
1056	Chavi	Lee Jung Hyun	1	1988-01-13
1058	By.hOpe	Jang Ji Soo	1	1991-02-27
1059	Aha	백진용	1	-
1060	Endless	Kim Jae Hwan	2	1989-12-20
1061	Tazza	Cho Jae Geol	2	1992-01-02
1062	Horang2	Lee Kyung Min	2	1992-01-15
1063	AcE	Jung Woo Seo	1	1988-10-17
1064	BajO	Kim Baek San	1	1988-08-17
1065	AzAng	Kim Guk Kun	0	1988-10-01
1066	Wolf	Park Seung Hyun	2	1992-02-03
1067	choyafOu	이형섭	2	-
1068	Hydra	Shin Dong Won	1	1991-09-04
1069	Fire[Shield]	장홍욱	2	-
1070	Falcon	Kim Jeong Hoon	1	1988-12-16
1071	PerfectMan	Kim Tae Gyoon	2	1991-03-18
1072	Che	Jung Moon Woo	0	1988-08-19
1073	Bomber	Choi Ji Sung	0	1988-01-16
1074	aSam	Lee Hyung Yeon	2	1992-09-25
1075	12Gate	임동춘	2	-
1076	Killer	Park Joon Oh	1	1992-06-24
1077	CranK	Choi Jae Won	2	1989-08-29
1078	Stats	Kim Dae Yeob	2	1992-05-15
1079	Okay	Yang Chul Ohk	0	1986-04-07
1080	Study	Kim Joon Soo	1	1991-06-24
1081	JoOn	Kim Se Joon	2	1991-03-08
1083	beast[S.G]	Baek Seong Ha 	2	1991-05-22
1084	Oz	Kim Hak Soo	2	1989-04-23
1085	SalDaGA[WHITE]	오범석	2	-
1087	gisoek	양기석	1	-
1088	Lenez	에이빈&nbsp;레네스	1	-
1089	EGIdrA	Greg&nbsp;Fields	0	1990-08-21
1090	Bbyong	Jung Woo Yong	0	1992-09-08
1091	StarDust	Son Seok Hee	2	1990-05-27
1092	MC	Jang Min Chul	2	1991-06-17
1093	Live[fOu]	이해민	1	-
1095	Sea.Rumor	배한진	0	-
1096	By.Snow	Jang Yun Chul	2	1993-04-01
1097	Heart	Kim Min Hyuk	0	1990-11-16
1098	Last	Kim Sung Hyun	0	1992-12-25
1099	INnoVation	Lee Shin Hyung	0	1993-07-25
1100	NsP_Moon	Choi Soo Min	2	1991-02-02
1101	Nice	Kim Song Yun	1	1990-04-08
1102	Sacsri	Lee Yah Hoon	1	1992-02-18
1103	NsP_Fate	서신우	1	-
1104	Fanta	Shin Song Ho	0	1990-07-17
1105	man	Kang Myung Hoon	2	1988-06-12
1106	Lotze	전영수	2	-
1107	kim.m.w	김민우	1	-
1108	SaSin)rOo	Jo Byung Jo	2	1989-09-02
1109	SinIG	Shin Im Keum	0	1988-07-13
1110	ilJiMae	박해성	2	-
1111	수호신	김수호	1	-
1112	Creep[S.G]	이원표	1	-
1113	HaedOri	Kim Hae Young	2	1988-09-20
1114	SangGil	이상길	2	-
1115	Nexus	양정현	2	-
1116	NsP_RanG	유유진	2	-
1117	Sea.Pie	Park Joo Hyun	2	1988-10-26
1118	Delete[3.33]	김현진	0	1988-09-29
1119	Firebat	Choi Eun Chang	0	1992-10-12
1120	CoRea	Jang Ki Hoon	2	1990-07-21
1121	Tiny	Oh Se Ki	0	1988-03-07
1122	Sweetly	Kim Kang Bin	2	1990-08-01
1123	GosI[Season]	Lee Jae Young	1	1993-02-24
1124	MIsO	Han Doo Yeol	1	1992-12-08
1125	KaZe_KoreA	Shin Song Chul	1	1990-09-26
1126	Fresh[WaF]	Park Hyun Moh	0	1988-12-22
1127	Dream.t)Snake	Oh Hyo Bum	2	1992-02-28
1128	Symbol	Kang Dong Hyun	1	1992-01-02
1129	Soulkey	Kim Min Chul	1	1991-12-10
1130	Lake	Yoo Hyun Geun	1	1990-09-05
1131	Desire	Kook Jung Geun	0	1988-07-18
1132	Fire	Jo Kang Seok	0	1990-04-02
1133	rhyme	송만호	2	177Cm
1134	MMA	Mun Seong Won	0	1988-10-29
1135	trOt	Park Sung Jin	0	1990-02-22
1136	JyJ	Jung Young Jae	0	1993-01-24
1137	Flying	Shin Jae Wook	2	1990-07-15
1138	HistOry	Lee Seung Min	0	1989-10-10
1139	Attain	Lee Jung Min	0	1989-10-25
1142	조규남	0	1971	-09-02
1143	이지훈	0	1980	-03-01
1144	김혁섭	0	1974	-05-05
1145	박용운	0	1977	-06-06
1146	김민기	0	1971	-08-10
1147	유성열	0	177	Cm,
1148	Ozteam	조정웅	2	1977-04-24
1149	이명근	0	-858993460	1977-04-24
1150	oh	이재균	0	-
1151	김양중	0	1976	-11-30
1152	주훈	0	1973	-03-14
1153	이승원	0	1974	-02-25
1154	Ace)Spade	김태형	1	1973-11-19
1155	전용준	0	1972	-07-01
1156	엄재경	0	-858993460	-07-01
1157	김철민	0	1970	-03-26
1158	정소림	0	1973	-08-20
1159	정일훈	0	-858993460	-08-20
1160	이현주	0	1976	-02-20
1161	안준영	0	-858993460	-02-20
1162	최정원	0	-858993460	-02-20
1163	이준호	0	1971	-01-29
1164	원종욱	0	1977	-03-05
1165	김광복	0	1982	-02-02
1166	유지강	0	1980	-12-06
1167	ShadOw[fOu]	박재석	0	1985-02-28
1168	조규백	0	1981	-12-15
1169	이길만	0	1974	-11-22
1171	FighTer[gm]	한상용	2	1980-06-29
1172	Push	Hong Sung In	2	1989-09-26
1173	ZergStyLe	Kwon Ki Bum	1	1990-04-18
1175	Sharp	Jo Ki Seok	0	1992-06-15
1176	최병훈	0	-858993460	1992-06-15
1177	Sea.GganDol	김성현	0	-
1178	bryan	브라이언	0	-
1180	Bruce	Igor&nbsp;Utkin	0	-
1181	UsK_ViRuS	Juan&nbsp;S&nbsp;Alvarez	1	-
1183	Lovett	Yin&nbsp;Liu	2	-
1184	RoX.Pomi	Sergey&nbsp;Rodionov	2	-
1185	GKToss	Juan&nbsp;Carlos&nbsp;Mora	2	-
1186	fiRe)TempLar	Firdavs&nbsp;Gasanov	2	-
1187	TagoMago	Stefanos&nbsp;Gorgonas	1	-
1188	HoRRoR	Marius&nbsp;Overhageboeck	0	-
1190	Logistic	Andrey&nbsp;Ershov	0	-
1193	iMp-Masscata	Lyubomir&nbsp;Zanev	2	-
1194	DFCaStrODF	Jose&nbsp;Castro	1	-
1195	RoX.DIMAGA	DMYTRO&nbsp;FILIPCHUK	1	-
1196	Jogy	Thiemo&nbsp;Wiegers	1	-
1197	absence_ar_sc	absence&nbsp;absence	0	-
1198	ToT)Ace(	Valentin&nbsp;Vaczi	1	-
1199	ETBrooD	Rupert&nbsp;Soyka	0	-
1200	NonY	Tyler&nbsp;Wasieleski	2	-
1201	SCiloveyoukh	Lei&nbsp;Zhang	0	-
1202	MYM-Arew	Vytautas&nbsp;Graiciunas	2	-
1203	STRELOK	Ievgen&nbsp;Oparyshev	0	-
1204	Bringit.SMall	Miguel&nbsp;Serrato	2	-
1205	Raiden	Juan&nbsp;Sanclemente	2	-
1206	sihwan	이시환	1	-
1208	SunHo~	김선호	0	-
1210	Style[Shield]	차지훈	0	-
1211	IsaC[KaL]	김이삭	2	-
1212	KingKong	Yoo Chung Hee	1	1990-04-26
1213	Bee	Park Seung Hyuk	0	1991-08-09
1214	onlytoday	Kim Hyuk Jin	2	1989-12-04
1215	By.Center	김우영	0	1993-02-08
1216	Notouch[gm]	이상재	1	-
1218	Hitoiro[KaL]	손인호	2	-
1219	Hero[join]	김준호	1	-
1220	hwata[saM]	이진수	1	-
1221	invade[fOu]	김민우	2	-
1222	스타테일바이러스	박준용	2	-
1223	이효민	0	-858993460	-
1224	Revival	김동현1	1	1992-01-31
1225	Ever)Z(YeeUnn	유병주	1	-
1226	Neo.g_Minam	황경영	0	-
1227	Life[gm]	장순관	2	-
1228	haha[Shield]	조귀환	1	-
1229	Classic	Kim Doh Woo	0	1991-11-27
1230	MvpZerg[gm]	이성로	1	-
1231	BrAvO	Noh Joon Kyu	0	1992-09-25
1232	Sky[KaL]	하늘	2	-
1233	Grape	Yoo Byung Joon	2	1993-06-26
1234	Sz.hungry	최지성	2	-
1235	GosI[PurpLe]	박철완	2	-
1236	Britney[gm]	김봉준	2	-
1237	WarYong[saM]	소재석	1	-
1239	Rush	Yoo Young Jin	0	1991-11-30
1240	Zerg[KaL]	정재우	1	-
1242	Cookie[z-zone]	위세진	0	-
1243	Answer[jOin]	황도형	1	-
1244	45[Name]	강석	1	-
1246	Losira	황강호	0	-
1247	Dream.t)sungsun	김성운	1	-
1248	ParalyzE	Jung Kyung Doo	2	1992-10-15
1249	Rani[sC]	장동현	2	-
1251	By.Rage	최영웅	2	-
1252	By.Someday	유태영	2	-
1254	GgMaN[Name]	이재안	2	-
1255	Reality	Kim Ki Hyun	0	1993-06-06
1257	ToSic[KaL]	최도식	1	-
1258	Natuur[Shield]	박강민	2	-
1259	n.Die_JaewOo	정재우	2	-
1260	Rain	Jung Yoon Jong	2	1992-08-14
1261	Mell	Choi Chan Ho	2	1993-01-30
1263	Dream.t)Marine	Lee Kyu Chan	0	1991-11-12
1264	byung-woon	김병운	2	-
1266	Actually	Choi Moon Suk	2	1991-08-01
1267	Wrath	Jung Moon Ho	0	1991-06-25
1268	Sse[kal]	Kim Se Hwan	0	1991-02-08
1269	NEXGenius	정민수	0	-
1270	TurN	Park Dae Ho	0	1992-12-20
1271	jihoon	최지훈	1	-
1272	Always	Kim Joon Yeop	0	1992-06-27
1273	csh	최수현	1	-
1274	하태기	0	-858993460	-
1275	Sexy	Lee Young Woong	0	1994-01-24
1276	FOXMoon	장재호	1	1986-12-14
1277	Bless	박준	0	-
1278	CheckPrime	이형주	1	1986-02-14
1282	Puzzle	Kim Sang Jun	2	1992-10-02
1283	Ryung	Kim Dong Won	0	1991-04-16
1284	TearS	Jun Dae Han	1	1991-01-20
1285	Squirtle	Park Hyun Woo	2	1992-07-06
1286	Dear[ScM]	백동준	2	1994-05-25
1287	MarineKing	Lee Jung Hoon	2	1993-07-11
1288	Just	Im Doo Sung	1	1993-10-21
1289	Lucky	Lee In Soo	1	1991-12-02
1290	SungEun	Shin Sung Eun	0	1990-12-24
1291	hOdduk	Seo Han Kyu	2	1990-01-03
1292	ByuN	Byun Hyun Woo	0	1993-05-08
1293	Wizard	Nam Ji Heon	2	1991-01-18
1294	TRUE	Bang Tae Soo	1	1992-04-15
1295	Defy	Suk Tae Soo	2	1992-08-31
1296	haitai	Choi Woo Sol	2	1991-11-21
1297	By.Bubble	Lee Moo Hyung	0	1990-07-28
1298	Hwan	Oh Jung Hwan	0	1991-02-05
1299	Zest	Joo Sung Wook	2	1992-07-11
1300	Remember	Shin Dong Hwa	0	1993-05-10
1301	Maestro	Lee Jae Hyun	1	1991-05-03
1302	도전이	도전	0	-
1303	열정이	열정	0	-
1304	Fantic.LBH	Fantic.LBH	1	-
1305	Chill	Chill	1	-
1306	iNfeRnaL	Patrick&nbsp;Moller	2	-
1307	redskirts_	Ye&nbsp;Rong&nbsp;Long	0	-
1308	Machine	Bryce	1	-
1309	Slog4	Slog4	2	-
1310	SEn	Yang&nbsp;Chia&nbsp;Cheng	1	-
1311	Gretorp	Gretorp	0	-
1312	nazomen	Shou&nbsp;Kusumoto	2	-
1313	G5	Eric&nbsp;Rothmuller	2	-
1314	DuskBin.RushGooN	RushGoon	1	-
1316	Zim_	Eldaniz&nbsp;Talibov	0	1986-09-05
1317	Kolllsen	Anton&nbsp;Emmerich	1	-
1318	EG.Louder	David&nbsp;Fells	2	-
1319	Toodming	HuiMing&nbsp;Huang	1	-
1320	BRAT_OK	Pavel&nbsp;Kuznetsov	0	-
1321	Fengzi	Zhang&nbsp;Chun&nbsp;Lei	1	-
1322	tOsKY	Pablo&nbsp;Bustos	1	-
1323	GosI[Terran]	Juan&nbsp;Carlos&nbsp;Tena	0	-
1324	absence_sc_1	Bulgaria_1st	0	-
1325	ParanOid	Rafal&nbsp;Kontowicz	1	-
1326	PSYKO	Feroz&nbsp;Mohammed&nbsp;Ali	0	-
1327	DuskBin.MarinE	Chan&nbsp;Kiat&nbsp;Hoe	0	-
1328	Yayba	Jarek&nbsp;Pociecha	2	-
1329	박대경	0	1984	-09-21
1330	오동수	0	-858993460	-09-21
1331	Ever)P(Anyppi	강현우	2	-
1332	Ruian[gm]	임민재	1	-
1333	SaSin)T.Apex	탁지범	1	-
1334	jangzz	장쯔뤙	0	-
1335	leihao	레이하오	0	-
1336	huker	허커	2	-
1337	chaunhi	쫭촨하이	0	-
1338	wangddu	왕뤄뚜	1	-
1340	minoR[fOu]	송영진	1	-
1341	ByungJang	안형진	1	1987-07-06
1343	49[ScM]	한지원	1	-
1344	By.rOo	최용주	1	1992-03-26
1345	hamil[GsP	이주현	1	-
1346	Suae[KaL]	염현규	1	-
1347	SongDuri_Lt	송영진	1	-
1348	Mong[Name]	윤찬희	0	1992-05-17
1349	ByungJang	안형진	1	-
1350	Dulri[ScM]	김수인	0	-
1351	NsP_nOregret	임수성	0	-
1352	Jiter_Lt	배지웅	0	-
1353	Gas[fOu]	황희두	0	-
1354	KT.MGW)ModeL	문세일	0	-
1355	Smart[S.G]	박진영	2	-
1356	Neo.G_Gwak	곽기성	2	-
1357	Hm[ArnC]	배성흠	1	-
1358	Ever)P(Mini	변현제	2	-
1360	a1j2y3[KaL]	안진영	1	-
1361	True[ScM]	유기성	1	-
1362	SaSin)Snail	장영환	1	-
1363	Ryul2[KaL]	이병렬	1	-
1364	Bless[WHITE]	박성준	2	1992-02-20
1365	sOs[KaL]	김유진	2	-
1366	Dream.t)Win	나용준	1	-
1367	jjh	정정호	2	-
1368	boomboomcha	차대한	1	-
1369	parkpark	박재현	2	-
1371	허준과침제니스	지태훈	0	-
1372	MakaPrime	곽한얼	0	-
1373	포커스	엄효섭	2	-
1374	AugustWeRRa	김샘	0	-
1375	LiveForever	김태환	0	-
1376	Aory	변준영	2	-
1377	jookToJung	조만혁	1	1992-03-26
1378	anyproPrime	이정환	2	-
1379	NEXTaeJa	윤영서	0	-
1380	Maru	조성주	0	-
1381	CellaWeRRa	홍승표	1	-
1382	티에스엘기니피그	김현태	2	-
1383	sanZenith	강초원	2	-
1384	TorcH	Trevor	0	-
1385	oGsTOP	김정훈	0	-
1386	Wind	최진석	2	-
1387	생컨웨라	김태균	2	-
1388	oGsInCa	송준혁	2	-
1389	PoltPrime	최성훈	0	-
1390	다람쥐프라임	홍원의	1	-
1391	JSLZenith	이정수	0	-
1392	KeepingWerra	이강범	2	-
1393	NEXFreeSaGA	안국진	2	-
1394	Artosis	Daniel	1	-
1395	AstraeaWeRRa	나영복	0	-
1396	LiquidTLO	Dario&nbsp;Wunsch	0	-
1397	NewWeRRa	장보인	2	-
1398	DosWeRRa	박영규	2	-
1399	oGsHyperdub	김유종	0	-
1400	Justfake	이관우	0	-
1401	eScJung	홍성용	2	-
1402	Hansin	김상현	0	-
1403	miso	조태환	1	-
1404	GerrardPrime	박외식	1	-
1405	oGsZenio	최정민	1	-
1406	MythPrime	김성연	0	-
1407	SopiaWeRRa	박민규	1	-
1408	oGsEnsnare	김상철	0	-
1409	HongUnPrime	안홍욱	2	-
1410	DAVIT	권혁범	0	-
1411	Crush[Name]	최병현	0	-
1412	Food5[fOu]	채규승	2	1992-08-29
1413	NsP_Lazy	김기훈	2	-
1414	By.Cola	노재상	1	-
1415	ErOs_Ample	김태영	0	1992-07-16
1416	Neo.G_Sang	하재상	2	1992-05-03
1417	Klaus[S.O]	이호성	2	1984-12-19
1418	Rise[gm]	김용효	0	-
1419	Sheis[fOu]	박정욱	0	-
1420	Size[KaL]	김영주	0	-
1421	Kop	지동원	0	1993-02-04
1422	Minus)Woong	진웅	2	-
1423	BisAnG[ScM]	윤지용	2	-
1424	Sea.jOsae	김성국	2	1991-12-20
1425	NsP_Rudy	홍진표	0	1993-01-10
1426	Ever)Z(Woon	김성운	1	1993-02-01
1427	Minus)Black	백동건	2	-
1428	Fairy[ScM]	배철호	1	-
1429	SorrOw[S.O]	김진	2	-
1430	Muzik[fOu]	신범수	1	-
1431	Ruin_Lt	안상현	2	-
1432	Keen_Lt	황규석	0	-
1433	KaL[KaL]	김지훈	0	1992-05-02
1434	Speed[KaL]	김도욱	0	1994-11-25
1435	RenieHouR	이정환	2	-
1436	kurOa	Hikaru&nbsp;Koike	0	-
1437	Hemke	Ilia&nbsp;Khamidullin	0	-
1438	vulture	hao&nbsp;lei	2	-
1439	Larva[S.G]	임홍규	1	-
1440	나비효과	백승주	0	-
1441	rain	최진솔	1	-
1442	아야	송영민	0	-
1443	반반쓰제니스	서명덕	2	-
1444	Happiness	황희두	0	-
1445	Loner	Dai&nbsp;Yi	0	-
1446	해병왕프라임	이정훈	0	-
1447	BabyWeRRa	남현우	1	-
1448	Apple	오재근	0	-
1449	PhoenixWeRRa	전영식	1	-
1450	티에스엘레인	박서용	0	-
1451	Kyrix	한준	1	-
1452	FlintZenith	김병준	0	-
1453	삐삐	박효종	2	-
1454	FreeDSL	우경철	2	-
1455	cOreZenith	안정민	2	-
1456	테리우스	송병학	1	-
1458	Leenock	이동녕	1	-
1459	Garnet	민경환	2	-
1460	TheBestfOu	김찬민	0	-
1461	박종혁	박종혁	0	-
1462	NEXChief	공진세	2	-
1463	즐겨찢기	김경덕	2	-
1464	cargo	조경준	0	-
1465	SoundWeRRa	배상환	0	-
1466	반반치킨	주현수	0	-
1467	짝지	정지훈	0	-
1468	Overthezero	우민규	2	-
1469	Suzy	김정훈	2	-
1470	B.Yeol	이병열	1	-
1471	Jys	전용수	0	-
1472	oGsVenis	이상헌	2	-
1473	sen	Yang&nbsp;Chia&nbsp;Cheng	1	-
1474	꼬마	김정균	0	-
1475	Sleep	김성한	1	-
1476	GoldenfOu	조명환	1	-
1477	라츠	윤성훈	0	-
1478	드리마이저제니스	이상용	1	-
1479	리베로프라임	김태인	0	-
1480	창조의아침	정승일	1	-
1481	시나브로프라임	김남규	0	-
1482	LiquidHayprO	Hayder&nbsp;Hussein	1	-
1483	토샤드	윤중욱	1	-
1484	ScfOu	김승철	0	-
1485	NEXNaya	김찬중	1	-
1486	Cyrano	김용진	2	-
1487	gumiho	고병재	0	-
1488	스타테일괴물	탁현승	1	-
1489	aLivefOu	한이석	0	-
1490	엔에스피준	이준	1	-
1491	Liquidjinro	조나단	0	-
1492	NEXDrug	권진영	1	-
1493	NEXChoa	심재용	2	-
1494	안녕프라임	문학선	1	-
1495	Destination	정혜준	0	-
1496	NEXOn	김영일	0	-
1497	OxfOu	최원석	0	-
1498	한니발프라임	김동욱	0	-
1500	Beast[KaL]	유진우	1	-
1501	Wariing	최무진	0	1988-02-11
1502	KT.MGW)Protoss	김규회	2	1994-01-06
1503	KT.MGW)Ultra	김민기	0	1994-08-22
1504	Noob_Lt	김범수	2	1994-01-02
1505	pain	구찬우	2	1991-09-15
1506	Crise	전재학	0	1993-02-07
1507	n.Die_wOw	김용혁	1	1992-08-07
1508	check	김민규	1	1992-08-07
1510	Minho_Lt	이민호	1	1995-02-08
1511	nock	김준혁	1	-
1512	Lizzy	원선재	2	1993-07-12
1513	force[name]	김범성	1	-
1514	Ak.Mutal	서문지훈	1	-
1515	AsiaSin[ScM]	최아신	0	-
1516	Minus)LichBine	이광용	2	-
1517	jiyul	김재현	0	-
1518	saber_Lt	이창우	1	-
1519	jy_it	강태완	0	-
1520	hestia[sheild]	박승호	0	-
1521	IcaruS[ScM]	박상의	1	-
1522	NeOx[011]	정태훈	2	-
1523	TidalWave	최민수	2	-
1524	Soma[Kal]	박상현	1	-
1525	LYH	이기호	2	-
1526	Minus)Mahell	이도영	1	-
1527	DaL)rA	조상현	2	-
1528	Canon[WHITE]	오현명	2	-
1529	Mae.pOse	최혜성	1	-